{
  "checkpoint": "artifacts/models/zyocra-risk-mlp-v1.pt",
  "evaluation_metrics": {
    "brier_score": 1.0856495735059904e-07,
    "bucket_accuracy": 1.0,
    "mae": 0.00012559549387139974,
    "max_abs_error": 0.002325365087017417,
    "mse": 1.0856495735059904e-07,
    "rmse": 0.0003294919685676709
  },
  "generated_at": "2026-07-04T18:36:57.253949+00:00",
  "model_version": "zyocra-risk-mlp-v1",
  "parameter_counts": {
    "frozen": 9,
    "total": 293,
    "trainable": 284
  },
  "quantization_config": {
    "accumulator_bits": 32,
    "activation_scale": 128,
    "profile": "Q8.8",
    "weight_scale": 256
  },
  "test_samples": 308
}
