{
  "checkpoint": "artifacts/models/zyocra-risk-mlp-v1.pt",
  "evaluation_metrics": {
    "brier_score": 5.655643130374409e-07,
    "bucket_accuracy": 1.0,
    "mae": 0.00031732617384324085,
    "max_abs_error": 0.004693878814578056,
    "mse": 5.655643130374409e-07,
    "rmse": 0.0007520401006844256
  },
  "generated_at": "2026-07-04T18:37:41.897710+00:00",
  "model_version": "zyocra-risk-mlp-v1",
  "parameter_counts": {
    "frozen": 9,
    "total": 293,
    "trainable": 284
  },
  "quantization_config": {
    "accumulator_bits": 32,
    "activation_scale": 128,
    "profile": "Q8.8",
    "weight_scale": 256
  },
  "test_samples": 308
}
