{
  "checkpoint": "artifacts/models/zyocra-risk-mlp-v1.pt",
  "evaluation_metrics": {
    "brier_score": 6.89742867178009e-05,
    "bucket_accuracy": 0.987012987012987,
    "mae": 0.003916911798976846,
    "max_abs_error": 0.07888907194137573,
    "mse": 6.89742867178009e-05,
    "rmse": 0.008305075960989214
  },
  "generated_at": "2026-07-04T18:38:55.533192+00:00",
  "model_version": "zyocra-risk-mlp-v1",
  "parameter_counts": {
    "frozen": 293,
    "total": 293,
    "trainable": 0
  },
  "quantization_config": {
    "accumulator_bits": 32,
    "activation_scale": 128,
    "profile": "Q8.8",
    "weight_scale": 256
  },
  "test_samples": 308
}
