{"inputs":[["e4ffffef93f5e1439170b97948e833285d588181b64550b829a031e1724e6430","b1feffef93f5e1439170b97948e833285d588181b64550b829a031e1724e6430","37ffffef93f5e1439170b97948e833285d588181b64550b829a031e1724e6430","f2ffffef93f5e1439170b97948e833285d588181b64550b829a031e1724e6430","f700000000000000000000000000000000000000000000000000000000000000","fafeffef93f5e1439170b97948e833285d588181b64550b829a031e1724e6430","f7ffffef93f5e1439170b97948e833285d588181b64550b829a031e1724e6430","1d00000000000000000000000000000000000000000000000000000000000000"]],"pretty_elements":{"rescaled_inputs":[["-0.2265625","-2.625","-1.578125","-0.1171875","1.9296875","-2.0546875","-0.078125","0.2265625"]],"inputs":[["0x30644e72e131a029b85045b68181585d2833e84879b9709143e1f593efffffe4","0x30644e72e131a029b85045b68181585d2833e84879b9709143e1f593effffeb1","0x30644e72e131a029b85045b68181585d2833e84879b9709143e1f593efffff37","0x30644e72e131a029b85045b68181585d2833e84879b9709143e1f593effffff2","0x00000000000000000000000000000000000000000000000000000000000000f7","0x30644e72e131a029b85045b68181585d2833e84879b9709143e1f593effffefa","0x30644e72e131a029b85045b68181585d2833e84879b9709143e1f593effffff7","0x000000000000000000000000000000000000000000000000000000000000001d"]],"processed_inputs":[],"processed_params":[],"processed_outputs":[],"rescaled_outputs":[["-2.03125"]],"outputs":[["0x30644e72e131a029b85045b68181585d2833e84879b9709143e1f593effffefd"]]},"outputs":[["fdfeffef93f5e1439170b97948e833285d588181b64550b829a031e1724e6430"]],"processed_inputs":null,"processed_params":null,"processed_outputs":null,"max_lookup_inputs":0,"min_lookup_inputs":0,"max_range_size":16383,"version":"23.0.5"}